﻿Name,distribution
Noah,4525
Oliver,4167
George,4141
Arthur,3766
Muhammad,3722
Leo,3465
Harry,3089
Oscar,3071
Archie,2928
Henry,2912
Theodore,2889
Freddie,2873
Jack,2847
Charlie,2674
Theo,2514
Alfie,2338
Jacob,2319
Thomas,2302
Finley,2283
Arlo,2154
William,2093
Lucas,1965
Roman,1923
Tommy,1901
Isaac,1888
Teddy,1875
Alexander,1830
Luca,1807
Edward,1806
James,1772
Joshua,1737
Albie,1729
Elijah,1657
Max,1650
Mohammed,1619
Reuben,1534
Mason,1517
Sebastian,1516
Rory,1483
Jude,1482
Louie,1461
Benjamin,1423
Ethan,1398
Adam,1367
Hugo,1325
Joseph,1307
Reggie,1287
Ronnie,1285
Harrison,1254
Louis,1240
Ezra,1226
Jaxon,1210
Logan,1192
Daniel,1150
Zachary,1146
Samuel,1123
Dylan,1099
Albert,1091
Hudson,1069
Hunter,1042
Frederick,1017
David,961
Rowan,938
Jesse,929
Frankie,920
Toby,918
Oakley,908
Grayson,903
Carter,825
Riley,817
Felix,807
Finn,788
Bobby,772
Blake,771
Sonny,762
Caleb,758
Gabriel,749
Michael,749
Jasper,742
Alfred,739
Otis,737
Stanley,724
Milo,719
Mohammad,719
Ralph,692
Liam,690
Chester,680
Ellis,670
Elliot,664
Brody,645
Charles,639
Kai,639
Olivia,3649
Amelia,3164
Isla,2683
Ava,2576
Ivy,2245
Freya,2187
Lily,2182
Florence,2180
Mia,2168
Willow,2067
Rosie,2028
Sophia,2019
Isabella,2010
Grace,1992
Daisy,1873
Sienna,1869
Poppy,1841
Elsie,1840
Emily,1797
Ella,1756
Evelyn,1729
Phoebe,1678
Sofia,1671
Evie,1670
Charlotte,1654
Harper,1480
Millie,1472
Matilda,1437
Maya,1433
Sophie,1375
Alice,1359
Emilia,1353
Isabelle,1304
Ruby,1300
Luna,1261
Maisie,1229
Aria,1202
Penelope,1194
Mila,1133
Bonnie,1121
Eva,1091
Hallie,1070
Eliza,1064
Ada,1058
Violet,1057
Esme,1013
Arabella,1012
Imogen,998
Jessica,997
Delilah,981
Lottie,954
Chloe,932
Layla,917
Thea,917
Eleanor,915
Aurora,910
Margot,892
Mabel,885
Erin,884
Elizabeth,862
Emma,860
Scarlett,858
Harriet,810
Lola,807
Nancy,797
Orla,794
Ayla,793
Rose,787
Zara,773
Iris,746
Robyn,739
Bella,730
Molly,729
Olive,691
Maria,682
Lyla,667
Maeve,654
Ellie,638
Gracie,632
Lyra,630
Darcie,623
Maryam,621
Edith,613
Heidi,610
Lucy,607
Myla,602
Amelie,598
Amber,594
Hannah,588
Summer,586
Eden,585
Jasmine,583