name,distribution
SMITH,2376206
JOHNSON,1857160
WILLIAMS,1534042
BROWN,1380145
JONES,1362755
MILLER,1127803
DAVIS,1072335
GARCIA,858289
RODRIGUEZ,804240
WILSON,783051
MARTINEZ,775072
ANDERSON,762394
TAYLOR,720370
THOMAS,710696
HERNANDEZ,706372
MOORE,698671
MARTIN,672711
JACKSON,666125
THOMPSON,644368
WHITE,639515
LOPEZ,621536
LEE,605860
GONZALEZ,597718
HARRIS,593542
CLARK,548369
LEWIS,509930
ROBINSON,503028
WALKER,501307
PEREZ,488521
HALL,473568
YOUNG,465948
ALLEN,463368
SANCHEZ,441242
WRIGHT,440367
KING,438986
SCOTT,420091
GREEN,413477
BAKER,413351
ADAMS,413086
NELSON,412236
HILL,411770
RAMIREZ,388987
CAMPBELL,371953
MITCHELL,367433
ROBERTS,366215
CARTER,362548
PHILLIPS,351848
EVANS,342237
TURNER,335663
TORRES,325169
PARKER,324246
COLLINS,317848
EDWARDS,317070
STEWART,312899
FLORES,312615
MORRIS,311754
NGUYEN,310125
MURPHY,300501
RIVERA,299463
COOK,294795
ROGERS,294403
MORGAN,276400
PETERSON,275041
COOPER,270097
REED,267443
BAILEY,265916
BELL,264752
GOMEZ,263590
KELLY,260385
HOWARD,254779
WARD,254121
COX,253771
DIAZ,251772
RICHARDSON,249533
WOOD,247299
WATSON,242432
BROOKS,240751
BENNETT,239055
GRAY,236713
JAMES,233224
REYES,232511
CRUZ,231065
HUGHES,229390
PRICE,228756
MYERS,224824
LONG,223494
FOSTER,221040
SANDERS,220902
ROSS,219961
MORALES,217642
POWELL,216553
SULLIVAN,215640
RUSSELL,215432
ORTIZ,214683
JENKINS,213737
GUTIERREZ,212905
PERRY,212644
BUTLER,210879
BARNES,210426
FISHER,210279
HENDERSON,210094
COLEMAN,208624
SIMMONS,201650
PATTERSON,198557
JORDAN,197212
REYNOLDS,195598
HAMILTON,194331
GRAHAM,194074
KIM,194067
GONZALES,193934
ALEXANDER,193443
RAMOS,193096
WALLACE,190760
GRIFFIN,190636
WEST,188464
COLE,187793
HAYES,187473
CHAVEZ,185865
GIBSON,184420
BRYANT,183761
ELLIS,181934
STEVENS,181417
MURRAY,178414
FORD,178397
MARSHALL,177213
OWENS,176334
MCDONALD,176094
HARRISON,175577
RUIZ,175429
KENNEDY,171636
WELLS,170635
ALVAREZ,168817
WOODS,168814
MENDOZA,168567
CASTILLO,165473
OLSON,163502
WEBB,163481
WASHINGTON,163036
TUCKER,162933
FREEMAN,162686
BURNS,162153
HENRY,161392
VASQUEZ,159989
SNYDER,159363
SIMPSON,158241
CRAWFORD,158121
JIMENEZ,157475
PORTER,156848
MASON,155484
SHAW,155172
GORDON,154934
WAGNER,154516
HUNTER,154410
ROMERO,153772
HICKS,153618
DIXON,152015
HUNT,151986
PALMER,150407
ROBERTSON,150299
BLACK,150186
HOLMES,150166
STONE,149802
MEYER,149664
BOYD,149476
MILLS,147909
WARREN,147906
FOX,147357
ROSE,146924
RICE,146440
MORENO,146088
SCHMIDT,145565
PATEL,145066
FERGUSON,142256
NICHOLS,141936
HERRERA,140786
MEDINA,139353
RYAN,139335
FERNANDEZ,139302
WEAVER,138811
DANIELS,138776
STEPHENS,138742
GARDNER,138660
PAYNE,138028
KELLEY,137555
DUNN,136955
PIERCE,136517
ARNOLD,136315
TRAN,136095
SPENCER,134443
PETERS,134231
HAWKINS,134066
GRANT,134034
HANSEN,133474
CASTRO,133254
HOFFMAN,132645
HART,132466
ELLIOTT,132457
CUNNINGHAM,131896
KNIGHT,131860
